Seq.,N° Processo,Regional,Modalidade,Ano,Data de Recebimento,Unidade Solicitante,Objeto,Disponibilidade Orçamentária,Valor Global Contratado,Empresa Vencedora,Finalização do Processo,Situação,Tipo,Data de criação do Processo,N° Licitação,N° Edital,Valor Global Estimado (R$),Economia em valor,% de Economia,ID
1,SD.0298/2022,AL,Dispensa,2023,31/12/1969,AL,Contratação de empresa para elaboração de projetos complementares básicos.,Rubrica Orçamentária nº 42097 - Seriços Técnicos Engenharia/Arquitetura,"98000,00",PRINT PROJECT LTDA,31/12/1969,Finalizada,Compra,,,,,,,Compra 1
2,AL.0006/2023,AL,Dispensa,2023,31/12/1969,AL,Contratação de empresa especializada na prestação de serviços de limpeza e conservação.,Rubrica Orçamentária nº 42089 - Serviços de Limpeza,"40332,50",REALIZA GESTÃO & TERCEIRIZAÇÕES LTDA,31/12/1969,Finalizada,Compra,,,,,,,Compra 2
3,AP.0014/2023,AP,Dispensa,2023,31/12/1969,AP,Contratação de empresa especializada na prestação de serviços gerais de limpeza e conservação.,Rubrica Contábil nº 42089 - Serviços de Limpeza,"24931,20",M.K.R PESSOA LTDA,31/12/1969,Finalizada,Compra,,,,,,,Compra 3
4,BA.0022/2023,BA,Dispensa,2023,31/12/1969,BA,Contratação de empresa especializada na prestação de serviços de,Rubrica Contábil nº 18052 - Despesas de Capital - Investimentos,"45900,00",B NUNES IVO,31/12/1969,Finalizada,Compra,,,,,,,Compra 4
5,ES.0045/2023,BA,Dispensa,2023,31/12/1969,BA,Contratação de empresa para projeção e instalação do sistema de climatização da nova sede da Mútua ES.,Rubrica Contábil nº 18023 - Instalações,"58399,00",MADE COMÉRCIO DE EQUIPAMENTOS E SERVIÇOS LTDA,31/12/1969,Suspenso à pedido da Supervisora Janayna Fantoni,Compra,,,,,,,Compra 5
6,ES.0033/2022,ES,Dispensa,2023,31/12/1969,ES,Contratação de empresa especializada em limpeza e conservação.,Rubrica Contábil nº 42089 - Serviços de Limpeza,"14469,73",SERVIL SOLUÇÕES E SERVIÇOS LTDA,31/12/1969,Finalizada,Compra,,,,,,,Compra 6
7,GO.0002/2023,GO,Dispensa,2023,31/12/1969,GO,Contratação de empresa especializada para o desenvolvimento de ações de capacitação e aperfeiçoamento para o profissional associado - Senac,Rubrica Contábil nº 47020 - Capacitação Profissional - Associados,"28800,00",SENAC GOIÁS,31/12/1969,Finalizada,Compra,,,,,,,Compra 7
8,GO.0004/2023,GO,Dispensa,2023,31/12/1969,GO,Contratação de empresa especializada para ministração do Empretec.,Rubrica Contábil nº 47.020 - Capacitação Profissional -  Associados,"147000,00",SEBRAE DF,31/12/1969,Finalizada,Compra,,,,,,,Compra 8
9,GO.0022/2023,GO,Dispensa,2023,31/12/1969,GO,Contratação Emergencial de Serviços de Limpeza.,Rubrica Contábil nº 42089 - Serviços de Limpeza,"36704,76",RMS ECOLOGY LTDA,31/12/1969,Finalizada,Compra,,,,,,,Compra 9
10,MG.0021/2023,MG,Dispensa,2023,31/12/1969,MG,Contratação de empresa especializada no fornecimento de 9 Notebooks.,Rubrica Contábil nº 18025,"56565,00",DELL COMPUTADORES DO BRASIL LTDA,31/12/1969,Finalizada,Compra,,,,,,,Compra 10
11,PB.0007-2023,PB,Dispensa,2023,31/12/1969,PB,Contratação  de empresa especializada na prestação de serviços de pintura e manutenção predial.,Rubrica Contábil nº 42067 - Instalações e Serviços,"45874,00",SB ENGENHARIA,31/12/1969,Finalizada,Compra,,,,,,,Compra 11
12,SD.0132/2023,PE,Dispensa,2023,31/12/1969,PE,Contratação de empresa especializada para o fornecimento de 5 notebooks e acessórios.,Rubrica Contábil nº 18022 - Hardware,"29515,85",DELL COMPUTADORES DO BRASIL LTDA,31/12/1969,Finalizada,Compra,,,,,,,Compra 12
13,PE.0022/2023,PE,Dispensa,2023,31/12/1969,PE,Contratação de empresa para manutenção e adequação de ambientes da regional.,Rubrica Contábil nº 42097 - Serviços Técnicos,"29900,10",MARINHO CONSTRUÇÕES LTDA,31/12/1969,Finalizada,Compra,,,,,,,Compra 13
14,SD.0095/2023,PR,Dispensa,2023,31/12/1969,PR,"Contratação Emergencial de empresa especializada na terceirização de mão de obra qualificada para prestação de serviços gerais de limpeza, conservação e copa, bem como de recepção/administrativo.",Rubrica Contábil nº 42.089 - Serviços de Limpeza,"111251,04",THEMIS TERCEIRIZAÇÃO DE SERVIÇOS LTDA,31/12/1969,Finalizada,Compra,,,,,,,Compra 14
15,PR.0002/2023,PR,Dispensa,2023,31/12/1969,PR,Contratação de empresa para a substituição da atual plataforma de sistema de troca de mensagens e comunicação em áudio e vídeo pela internet (WhatsApp).,Rubrica Contábil nº 42.069 - Software,"24699,92",4 SEND TECNOLOGIA E SERVIÇOS LTDA,31/12/1969,Finalizada,Compra,,,,,,,Compra 15
16,SD.0107/2023,RJ,Dispensa,2023,31/12/1969,RJ,Contratação de empresa especializada no fornecimento de 3 notebooks.,Rubrica Contábil nº 18022 - Hardware,"18963,00",DELL COMPUTADORES DO BRASIL LTDA,31/12/1969,Finalizada,Compra,,,,,,,Compra 16
17,SD.0081/2023,RN,Dispensa,2023,31/12/1969,RN,Locação de sala comercial,Rubrica Contábil nº 42.060 - Aluguel,"190800,00",PORTUGAL CENTER ADMINISTRAÇÃO E ASSESSORIA IMOBILIÁRIA LTDA,31/12/1969,Finalizada,Compra,,,,,,,Compra 17
18,RO.0017/2023,RO,Dispensa,2023,31/12/1969,RO,Contratação de empresa especializada no fornecimento de equipamentos de informática,Rubrica Contábil nº 18022 - Hardware,"19070,00",ECD COMÉRCIO DE PRODUTOS DE INFORMÁTICA LTDA,31/12/1969,Finalizada,Compra,,,,,,,Compra 18
19,RO.0012/2023,RO,Dispensa,2023,31/12/1969,RO,Contratação de empresa especializada para o desenvolvimento de ações de capacitação e aperfeiçoamento para o profissional associado.,Rubrica Contábil nº 47020 - Capacitação Profissional - Associados,"80000,00",SEBRAE RO,31/12/1969,Finalizada,Compra,,,,,,,Compra 19
20,RR.0017/2022,RR,Dispensa,2023,31/12/1969,RR,Termo de Concessão de uso entre o CREA-RR,Rubrica Contábil nº 42065 - Aluguéis e Arrendamentos - Sessão de Uso (Crea),"114027,84",CREA RR,31/12/1969,Finalizada,Compra,,,,,,,Compra 20
21,RS.0029/2023,RS,Dispensa,2023,31/12/1969,RS,Contratação de empresa para aquisição de forno micro-ondas e de frigobar,Rubrica Contábil nº 18.025 - Máquinas e Equipamentos,"2594,53",LICITA MAIS COMMERCIAL LTDA,31/12/1969,Finalizada,Compra,,,,,,,Compra 21
22,RS.0032/2023,RS,Dispensa,2023,31/12/1969,RS,Contratação de empresa para fornecimento e instalação de fechadura eletrônica,Rubrica Contábil n° 42.124 - Material de Manutenção e Elétrica,"2287,00",LUFAT COMÉRCIO DE FECHADURAS LTDA,31/12/1969,Finalizada,Compra,,,,,,,Compra 22
23,RS.0037/2023,RS,Dispensa,2023,31/12/1969,RS,Contratação de empresa especializada para execução de serviços em instalações elétricas de baixa tensão.,Rubrica Contábil nº 42.067 - Despesas com instalações e serviços,"18764,00",RODRIGO DA SILVA MIGNONI LTDA,31/12/1969,Finalizada,Compra,,,,,,,Compra 23
24,RS.0026/2023,RS,Dispensa,2023,31/12/1969,RS,Contratação de empresa especializada para o fornecimento de impressão para material gráfico,Rubrica Contábil nº 42.055 - Serviços Gráficos,"23086,13",GRÁFICA E EDITORA GAÚCHA LTDA,31/12/1969,Finalizada,Compra,,,,,,,Compra 24
25,RS.0020/2022,RS,Dispensa,2023,31/12/1969,RS,Contratação de empresa especializada na prestação de serviço de engenharia para execução de telhado no terraço do edifício sede da Caixa RS.,Rubrica Contábil nº 18.052 - Obras Preliminares/Complementares/Reformas,"70000,00",R&R ESTRUTURAS METÁLICAS LTDA,31/12/1969,Finalizada,Compra,,,,,,,Compra 25
26,SC.0017/2023,SC,Dispensa,2023,31/12/1969,SC,Contratação de empresa especializada no fornecimento e na personalização de material para a divulgação institucional da Caixa SC.,Rubrica Contábil nº 42162 - Divulgação e Publicações,"23089,49",INICIATIVA BRINDES LTDA,31/12/1969,Finalizada,Compra,,,,,,,Compra 26
27,SC.0015/2023,SC,Dispensa,2023,31/12/1969,SC,Contratação de empresa de transporte urbano intermunicipal para o Congresso Brasileiro de Agornomia - Pelotas,Rubrica Contábil nº 42050 - Fretes e Carretos,"18100,00",CASÃO TURISMO LTDA,31/12/1969,Finalizada,Compra,,,,,,,Compra 27
28,SP.0004/2023,SP,Dispensa,2023,31/12/1969,SP,Contratação de empresa especializada no fornecimento e na personalização de material para a divulgação institucional da Caixa SP.,Rubrica Contábil nº 42162 - Divulgação e Publicações,"54000,00",TROCHMANN & CAMPOS COMÉRCIO DE BRINDES PROMOCIONAIS LTDA (LUFE BRINDES),31/12/1969,Finalizada,Compra,,,,,,,Compra 28
29,TO.0005/2023,TO,Dispensa,2023,31/12/1969,TO,Contratação de empresa especializada no fornecimento e na personalização de material necessário para divulgação da Mútua TO.,Rubrica Contábil nº 42162 - Divulgação e Publicações,"99650,00",GRÁFICA E EDITORA SANTO EXPEDITO LTDA,31/12/1969,Finalizada,Compra,,,,,,,Compra 29
30,SD.0233/2023,Sede,Dispensa,2023,31/12/1969,Sede,"Contratação de empresa especializada em higienização, atualização e ampliação da base de associados da Mútua.",Rubrica Contábil nº 42023 - Outros Serviços Terceiros,"54600,00",JHB ASSESSORIA EM EDUCAÇÃO E MARKETING,31/12/1969,Finalizada,Compra,,,,,,,Compra 30
31,SD.0272/2022,Sede,Dispensa,2023,31/12/1969,Sede,Aquisição de adaptadores USB-C para Apple Mac Mini da Mútua Sede,Rubrica Contábil nº 42066 - Hardware,"3504,60",GLOBAL DISTRIBUIÇÃO DE BENS DE CONSUMO LTDA (Iplace Site),31/12/1969,Finalizada,Compra,,,,,,,Compra 31
32,SD.0200/2023,Sede,Dispensa,2023,31/12/1969,Sede,"Aquisição de 100 exemplares do livro ""Cinco Responsabilidades Relacionadas com Segurança do Trabalho"" - 78ª SOEA",Rubrica Contábil nº 42321 - Congresso SOEA,"10600,00",EDVALDO NUNES DA SILVA FILHO,31/12/1969,Finalizada,Compra,,,,,,,Compra 32
33,SD.0178/2023,Sede,Dispensa,2023,31/12/1969,Sede,Contratação de empresa especializada no fornecimento de 30 unidades de coroas de flores funerárias.,Rubrica Contábil nº 42096 - Outras Despesas,"10950,00",LAÇOS CORPORATIVOS COMÉRCIO DE PRESENTES LTDA,31/12/1969,Finalizada,Compra,,,,,,,Compra 33
34,SD.0139/2023,Sede,Dispensa,2023,31/12/1969,Sede,Contratação de empresa para aquisição de HD&apos;S NAS para servidor de Backup Externo.,Rubrica Contábil nº 18022 - Hardware,"8744,40",PAUTA DISTRIBUIÇÃO E LOGÍSTICA S.A,31/12/1969,Finalizada,Compra,,,,,,,Compra 34
35,SD.0237/2023,Sede,Dispensa,2023,31/12/1969,Sede,Contratação de empresa especializada no fornecimento de impressora multifuncional e toner.,Rubrica Contábil nº 18022 - Hardware,"2760,00",OFFICE SERVICE EQUIPAMENTOS E SERV P/ ESCRITÓRIO LTDA,31/12/1969,Finalizada,Compra,,,,,,,Compra 35
36,SD.0166/2023,Sede,Dispensa,2023,31/12/1969,Sede,Contratação de empresa especializada no fornecimento de cordões e porta crachás funcionais.,Rubrica Contábil nº 42137 - Outros Materiais e Utensílios,"3508,00",VISUAL PVC COMERCIO E SERVIÇOS LTDA,31/12/1969,Finalizada,Compra,,,,,,,Compra 36
37,SD.0062/2023,Sede,Dispensa,2023,31/12/1969,Sede,Contratação de empresa especializada no fornecimento de secadores de cabelo para a Mútua.,Rubrica Contábil nº 42109 - Enxovais e Complementos Aparts,"6048,00",HOSPTEL COMÉRCIO E SERVIÇOS LTDA ME,31/12/1969,Finalizada,Compra,,,,,,,Compra 37
38,SD.0118/2023,Sede,Dispensa,2023,31/12/1969,Sede,Contratação de empresa especializada no fornecimento de 2 tablets SAMS P619 S6 Lite 4G 10.4&apos; CZ ZF - 128 GB,Rubrica Contábil nº 18022 - Hardware,"6700,00",UNITY IT TECNOLOGIA DA INFORMAÇÃO LTDA,31/12/1969,Finalizada,Compra,,,,,,,Compra 38
39,SD.0128/2023,Sede,Dispensa,2023,31/12/1969,Sede,Contratação de empresa especializada para o fornecimento de 280 doses de vacina antigripais para a Mútua Sede.,Rubrica Contábil nº 42023 - Outros Serviços Terceiros - PJ,"19880,00",CLÍNICA DE VACINA DE BRASÍLIA LTDA (IMUNOLIFE),31/12/1969,Finalizada,Compra,,,,,,,Compra 39
40,SD.0041/2022,Sede,Dispensa,2023,31/12/1969,Sede,Contratação de empresa especializada no fornecimento de 2 certificados digitais SSL/TLS para a Mútua Sede.,Rubrica Contábil nº 42127 - Softwares,"1840,00",X DIGITAL BRASIL SEGURANÇA DA INFORMAÇÃO LTDA,31/12/1969,Finalizada,Compra,,,,,,,Compra 40
41,SD.0027/2023,Sede,Dispensa por Inexigibilidade,2023,31/12/1969,Sede,"Contratação de empresa especializada na prestação de serviços de suporte e consultoria técnica relativos às atividades de rotina na área contábil, financeira e cobrança.",Rubrica Contábil nº 42048 - Consultoria,"192000,00",A1FLEX SOLUÇÕES LTDA,31/12/1969,Finalizada,Compra,,,,,,,Compra 41
42,SD.0384/2022,Sede,Dispensa,2023,31/12/1969,Sede,Contratação de empresa especializada na prestação de serviço de consultoria em estruturação de uma metodologia de cálculo para perdas estimadas de liquidação duvidosa para a Mútua Sede.,Rubrica Contábil nº 42.048  - Consultoria,"39700,00",MANCHEBO SERVIÇOS ADMINISTRATIVOS LTDA (GROUP VALUE SERVIÇOS ADMINSITRATIVOS,31/12/1969,Finalizada,Compra,,,,,,,Compra 42
43,SD.0141/2023,Sede,Dispensa,2023,31/12/1969,Sede,Contratação de empresa para prestação de consultoria na elaboração de guia para melhoria do planejamento e da gestão financeira das Caixas de Assistência.,Rubrica Contábil nº 42048 - Consultoria,"28800,00",DO VALE E FRANCO CONTABILIDADE LTDA (CUSTOS PÚBLICOS CONSULTORIA),31/12/1969,Finalizada,Compra,,,,,,,Compra 43
44,SD.0119/2023,Sede,Dispensa por Inexigibilidade,2023,31/12/1969,Sede,Contratação de profissional especializado para ministrar palestra em formato híbrido para os colaboradores da Mútua.,Rubrica Contábil nº 42041 - Treinamentos e Cursos,"8707,00",RENATA DO AMARAL GONÇALVES,31/12/1969,Finalizada,Compra,,,,,,,Compra 44
45,SD.0422/2022,Sede,Dispensa,2023,31/12/1969,Sede,Contratação de empresa especializada para o fornecimento de brigadistas profissionais.,Rubrica Contábil nº 42023 - Outros Serviços Terceiros PJ,"16750,00",UNIVERSO CURSOS,31/12/1969,Finalizada,Compra,,,,,,,Compra 45
46,SD.0091/2023,Sede,Dispensa,2023,31/12/1969,Sede,"Contratação de empresa especializada em desenvolver estudo, com elaboração de relatório para mapear o contexto das profissões de engenharia no Brasil.",Rubrica Contábil nº 42048 - Consultoria,"56528,00",P BRASIL DESENVOLVIMENTO ORGANIZACIONAL LTDA (PIERACCIANI),31/12/1969,Finalizada,Compra,,,,,,,Compra 46
47,SD.0153/2023,Sede,Dispensa,2023,31/12/1969,Sede,Contratação de empresa especializada para prestação de serviços de otimização do sistema de controle de acesso físico existente na Mútua e integração com a central de alarme de incêndio.,Rubrica Contábil nº 42068 - Máquinas e Equipamentos,"25000,00",AUTOMATIC ENGENHARIA LTDA,31/12/1969,Finalizada,Compra,,,,,,,Compra 47
48,SD.0204/2023,Sede,Dispensa,2023,31/12/1969,Sede,Contratação de empresa especializada para serviço de isolamento acústico e climatização na sala VIP da Mútua - 78ª SOEA,Rubrica Contábil nº 42321 - Congresso SOEA,"18000,00",IMPACTO VENTO NORTE PRODUÇÕES TÉCNICAS LTDA,31/12/1969,Finalizada,Compra,,,,,,,Compra 48
49,SD.0130/2023,Sede,Dispensa por Inexigibilidade,2023,31/12/1969,Sede,Contratação de empesa especializada para o desenvolvimento e aplicação do Programa de Inovação In Company no Confea.,Rubrica Contábil nº 42041 - Treinamentos e Cursos,"153000,00",WE GOV - TREINAMENTO PARA GESTÇÃO PÚBLICA LTDA,31/12/1969,Finalizada,Compra,,,,,,,Compra 49
50,SD.0131/2023,Sede,Dispensa,2023,31/12/1969,Sede,Contratação de empresa especializada para suporte e operacionalização de procedimentos no ERP Benner,Rubrica Contábil nº 42048 - Consultoria,"4918,32",A1FLEX SOLUÇÕES LTDA,31/12/1969,Finalizada,Compra,,,,,,,Compra 50
51,SD.0109/2023,Sede,Dispensa,2023,31/12/1969,Sede,Contratação emergencial de empresa especializada na prestação de serviços de administração de imóveis para as unidades de propriedade da Mútua no Hotel Kubitschek Plaza,Rubrica Contábil nº 42119 - Administração Imobiliária,"74100,00",EVANDRO APART HOTEL,31/12/1969,Finalizada,Compra,,,,,,,Compra 51
52,SD.0149/2023,Sede,Dispensa,2023,31/12/1969,Sede,Contratação de empresa especializada em processos de enriquecimento de dados.,Rubrica Contábi nº 42023 - Outros Serviços Terceiros,"56250,00",DATA MAILING MARKETING SERVICE SOLUTION LTDA,31/12/1969,Finalizada,Compra,,,,,,,Compra 52
53,SD.0063/2023,Sede,Dispensa,2023,31/12/1969,Sede,Contratação de empresa especializada no fornecimento e instalação de filme de proteção em vidraças para a área de convivência da Mútua Sede.,Rubrica Contábil nº 42.067 - Despesas com instalações e serviços,"8341,00",A ABBA SERVIÇOS GERAIS LTDA,31/12/1969,Finalizada,Compra,,,,,,,Compra 53
54,SD.0184/2023,Sede,Dispensa,2023,31/12/1969,Sede,"Contratação de empresa especializada na prestação de serviços gráficos com fornecimento de materiais impressos de cartilhas, relatórios e folders para apresentação de ações institucionais da Mútua Sede.",Rubrica Contábil nº 42055 - Serviços Gráficos,"57200,00",FOXY EDITORA GRÁFICA LTDA,31/12/1969,Finalizada,Compra,,,,,,,Compra 54
55,SD.0183/2023,Sede,Dispensa por Inexigibilidade,2023,31/12/1969,Sede,Contratação de empresa especializada no fornecimento de senha de acesso à ferramenta de pesquisa e comparação de preços - Banco de Preços,Rubrica Contábil nº 42023 - Outros Serviços de Terceiros PJ,"30825,00",NP CAPACITAÇÃO E SOLUÇÕES TECNOLÓGICAS LTDA,31/12/1969,Finalizada,Compra,,,,,,,Compra 55
56,SD.0078/2023,Sede,Dispensa por Inexigibilidade,2023,31/12/1969,Sede,Contratação de empresa para o fornecimento de licença de uso do sistema de gestão de pregão presencial - GPregões,Rubrica Contábil nº 42052 – Serviços de Informática,"7000,00",SIEDOS SISTEMAS E RESULTADOS LTDA,31/12/1969,Finalizada,Compra,,,,,,,Compra 56
57,SD.0189/2023,Sede,Dispensa,2023,31/12/1969,Sede,"Contratação de empesa para aquisição de material de apoio e divulgação institucional, para ações de divulgação da MÚTUA de Assistência dos Profissionais do CREA - 78ª SOEA",Rubrica Contábil nº 41666 - Comercialização Tecnoprev,"55900,00",EUDER GONÇALVES FERREIRA – BRINDES & CIA,31/12/1969,Finalizada,Compra,,,,,,,Compra 57
58,SD.0074/2023,Sede,Dispensa,2023,31/12/1969,Sede,Contratação de empresa especializada para o fornecimento de plataforma digital de avaliação de desempenho,Rubrica Contábil nº 42.127 – Softwares,"55840,00",FEEDZ TECNOLOGIA S.A,31/12/1969,Finalizada,Compra,,,,,,,Compra 58
59,SD.0072/2023,Sede,Dispensa,2023,31/12/1969,Sede,Contratação de empresa especializada para produção e instalação de peças de identificação institucional para a Mútua Sede.,Rubrica Contábil nº Despesas com Instalações e Serviços,"29078,20",PAINEL MÁGICO PRODUÇÃO LETREIROS LTDA,31/12/1969,Finalizada,Compra,,,,,,,Compra 59
60,SD.0420/2022,Sede,Dispensa por Inexigibilidade,2023,31/12/1969,Sede,Contratação do “Fornecimento de canal de acesso virtual dedicado (link digital) ao banco de dados das normas da ABNT”.,Rubrica Contábil nº 41205 – Convênio ABNT,"120000,00",ASSOCIACAO BRASILEIRA DE NORMAS TECNICAS ABNT,31/12/1969,Finalizada,Compra,,,,,,,Compra 60
61,SD.0065/2023,Sede,Dispensa,2023,31/12/1969,Sede,Contratação de empresa especializada para treinamento online da ferramenta Microsoft Planner através da plataforma Teams para a Mútua Sede e Regionais.,Rubrica Contábil nº 42041 - Cursos,"2160,00",BACELLAR TECNOLOGIA LTDA (APP TECNOLOGIA),31/12/1969,Finalizada,Compra,,,,,,,Compra 61
62,SD.0087-2023,Sede,Dispensa Eletrônica,2023,31/12/1969,Sede,Contratação de empresa especializada para prestação de serviço terceirizado de Motorista Executivo.,Rubrica Contábil nº - 42023 – Outros Seviços Terceiros - PJ,"41948,99",PRESTA SERVICOS TECNICOS LTDA.,31/12/1969,Finalizada,Compra,,,,,,,Compra 62
63,SD.0155/2023,Sede,Dispensa Eletrônica,2023,31/12/1969,Sede,"Contratação de empresa especializada para a aquisição de 15 (quinze) televisores Smart TV de 55 polegadas, Display em LED e Full HD para serem utilizadas no Hotel Kubitscheck.",Rubrica Contábil nº 18022 - Hardware,"33162,30",3D PROJETOS E ASSESSORIA EM INFORMATICA LTDA,31/12/1969,Finalizada,Compra,,,,,,,Compra 63
64,SD.0226/2023,Sede,Dispensa Eletrônica,2023,31/12/1969,Sede,Contratação de empresa para o fornecimento de serviços técnicos especializados de consultoria em mensuração de software através da metodologia de análise de pontos de função (APF).,Rubrica Contábil nº 42052 - Serviços de Informática,"29000,00",DELTALAB CONSULTORIA E TREINAMENTOS LTDA,31/12/1969,Finalizada,Compra,,,,,,,Compra 64
65,SD.0256/2023,Sede,Dispensa,2023,16.10.2023,Sede,Contratação de empresa especializada no fornecimento de impressora de etiquetas patrimonias.,Rubrica Contábil n° 18022 - Hardware,"4790,00","CGF COMÉRCIO DE PRODUTOS DE INFORMÁTICA, ESCRITÓRIO E SERVIÇOS LTDA",31/12/1969,Finalizada,Compra,,,,,,,Compra 65
66,SD.0259/2023,Sede,Dispensa,2023,20.10.2023,Sede,"Contratação do prestador Ricardo Sampaio, através da empresa Ricardo Sampaio Treinamento em Desenvolvimento Profissional e Gerencial para ministrar capacitação na Mútua Sede.",Rubrica Contábil nº 42041 - Treinamentos e Cursos,"48000,00",RICARDO SAMPAIO TREINAMENTO EM DESENVOLVIMENTO PROFISSIONAL E GERENCIAL LTDA,31/12/1969,Finalizada,Compra,,,,,,,Compra 66
67,SD.0188/2023,Sede,Dispensa,2023,31/12/1969,Sede,Contratação de empresa para Acordo de Cooperação Técnica entre a Mútua Sede e o Crea - PR.,Rubrica Contábil n° 41031 -  Capacitação Profissional,"46000,00",PSIGMA SOLUÇÕES EM TECNOLOGIA LTDA,31/12/1969,Finalizada,Compra,,,,,,,Compra 67
68,SD.0275/2023,Sede,Dispensa,2023,31/12/1969,Sede,Contratação de empresa para aquisição de enxoval para o hotel Mércure.,Rubrica Contábil nº 42109 -  Enxovais e Complementos,"47101,95",MATTEX COMÉRCIO E INDÚSTRIA TÊXTIL,31/12/1969,Finalizada,Compra,,,,,,,Compra 68
69,SD.0283/2023,Sede,Dispensa,2023,31/12/1969,Sede,Contratação de empresa para  o fornecimento de serviços gráficos (outsourcng de impressão).,Rubrica Contábil nº 42055 -  Serviços Gráficos,"57108,87",ARTES GRÁFICAS E EDITORA PONTUAL LTDA,,Encontra-se no Jurídico para chancela do Fábio desde 15/01/2024.,Compra,,,,,,,Compra 69
70,SD.0265/2023,Sede,Dispensa por Inexigibilidade,2023,31/12/1969,Sede,"Contratação de empresa para o fornecimento de plataforma online para desenvolvimento, implementação e monitoramento do Plano Anual de Contratações (PCA).",Rubrica Contábil nº 42127 - Softwares,"17990,00",GOVPLAY SISTEMAS INTELIGENTES LTDA,31/12/1969,Finalizada,Compra,,,,,,,Compra 70
71,SD.0277/2023,Sede,Dispensa,2023,31/12/1969,Sede,"Contratação de empresa especializada para a prestação de serviços de locação do espaço Clube de Engenharia de Brasília - Confraternização da Diretoria Executiva, Diretores Regionais, Conselheiros Federais e Colaboradores da Mútua.",Rubrica Contábil nº 42117 - Sala para Eventos,"8050,00",CLUBE DE ENGENHARIA DE BRASÍLIA,31/12/1969,Finalizada,Compra,,,,,,,Compra 71
72,SD.0142/2023,Sede,Dispensa por Inexigibilidade,2023,31/12/1969,Sede,Contratação do palestrante Eng. Aeron Aprille Ericsson - 78ª SOEA,Rubrica Contábil nº 42321 - Congresso SOEA,"20000,00",APRILLE J. ERICSSON - JACKSON,31/12/1969,Finalizada,Compra,,,,,,,Compra 72
73,SD.0171/2023,Sede,Dispensa por Inexigibilidade,2023,31/12/1969,Sede,"Contratação de atração cultural, Bonecos da Montanha - 78ª SOEA",Rubrica Contábil nº 42321 - Congresso SOEA,"2500,00",ELISABETH BADO -  ATELIER DOS BONEQUEIROS,31/12/1969,Finalizada,Compra,,,,,,,Compra 73
74,SD.0145/2023,Sede,Dispensa por Inexigibilidade,2023,31/12/1969,Sede,Contratação da palestrante Camila Alhadeff - 78ª SOEA,Rubrica Contábil nº 42321 - Congresso SOEA,"5000,00",ONG MULHER EM CONSTRUÇÃO,31/12/1969,Finalizada,Compra,,,,,,,Compra 74
75,SD.0175/2023,Sede,Dispensa por Inexigibilidade,2023,31/12/1969,Sede,"Contratação de atração cultural, CTG Manotaço - 78ª SOEA",Rubrica Contábil nº 42321 - Congresso SOEA,"600,00",CENTRO DE TRADIÇÕES GAÚCHA MANOTAÇO,31/12/1969,Finalizada,Compra,,,,,,,Compra 75
76,SD.0176/2023,Sede,Dispensa por Inexigibilidade,2023,31/12/1969,Sede,"Contratação de atração cultural, Ernesto Fagundes e trio - 78ª SOEA",Rubrica Contábil nº 42321 - Congresso SOEA,"8500,00","ENGENHO DA ARTE EMPREENDIMENTOS CULTURAIS LTDA ""ENERSTO FAGUNDES E TRIO""",31/12/1969,Finalizada,Compra,,,,,,,Compra 76
77,SD.0170/2023,Sede,Dispensa por Inexigibilidade,2023,31/12/1969,Sede,"Contratação de atração cultural, Guri de Uruguaiana - 78ª SOEA",Rubrica Contábil nº 42321 - Congresso SOEA,"19550,00",GURI DE URUGUAIANA LTDA,31/12/1969,Finalizada,Compra,,,,,,,Compra 77
78,SD.0172/2023,Sede,Dispensa por Inexigibilidade,2023,31/12/1969,Sede,"Contratação de atração cultural, Gurias Gaúchas - 78ª SOEA",Rubrica Contábil nº 42321 - Congresso SOEA,"3500,00","ADRIANA S. DOS SANTOS ""GURIAS GAÚCHAS""",31/12/1969,Finalizada,Compra,,,,,,,Compra 78
79,SD.0143/2023,Sede,Dispensa por Inexigibilidade,2023,31/12/1969,Sede,Contratação do Palestrante Eng. Mec. Lucas Santos Cordeiro -  78ª SOEA,Rubrica Contábil nº 42321 - Congresso SOEA,"7000,00",LUCAS SANTOS CORDEIRO,31/12/1969,Finalizada,Compra,,,,,,,Compra 79
80,SD.0173/2023,Sede,Dispensa por Inexigibilidade,2023,31/12/1969,Sede,Contratação de atração cultural - Samba de Moça  - 78ª SOEA,Rubrica Contábil nº 42321 - Congresso SOEA,"6300,00","LUCIANE BEATRIZ STAUB - ""SAMBA DE MOÇA""",31/12/1969,Finalizada,Compra,,,,,,,Compra 80
81,SD.0177/2023,Sede,Dispensa por Inexigibilidade,2023,31/12/1969,Sede,Contratação de atração cultural - Sergio Moah (trio) - 78ª SOEA,Rubrica Contábil nº 42321 - Congresso SOEA,"20500,00",GXPRO PRODUÇÕES ARTÍSTICAS LTDA - SÉRGIO MOAH (TRIO),31/12/1969,Finalizada,Compra,,,,,,,Compra 81
82,SD.0174/2023,Sede,Dispensa por Inexigibilidade,2023,31/12/1969,Sede,Contratação de atração cultural -  The Beatles no Acordeon - 78ª Soea,Rubrica Contábil nº 42321 - Congresso SOEA,"8000,00","DIEGO MORAES DIAS -  ""THE BEATLES NO ACORDEON""",31/12/1969,Finalizada,Compra,,,,,,,Compra 82
83,SD.186/2023,Sede,Dispensa por Inexigibilidade,2023,31/12/1969,Sede,"Contratação de Serviços de Mapeamento de Perfis, mentoria de carreira e palestra - 78ª SOEA",Rubrica Contábil nº 42321 - Congresso SOEA,"36170,00",CT - CIA DE TALENTOS RECURSOS HUMANOS LTDA,31/12/1969,Finalizada,Compra,,,,,,,Compra 83
84,SD.0088/2023,Sede,Dispensa por Inexigibilidade,2023,31/12/1969,Sede,Contratação para acesso à plataforma eletrônica e fontes de pesquisas atualizadas necessárias para satisfação das demandas do Setor de Licitações e Compras.,Rubrica Contábil nº 42127 - Softwares,"192000,00",EDITORA NEGÓCIOS PÚBLICOS DO BRASIL,31/12/1969,Finalizada,Compra,,,,,,,Compra 84
1,SD.0341-2022,RS,Tomada de Preços,2022,,RS,"Execução das obras civis para correção de anomalias construtivas, identificadas no edifício sede da Mútua-RS ",,,,,Deserto,Licitação,17/10/22,001/2023,001/2023,,,,Licitação 1
2,SD.0317-2022,Sede,Pregão Eletrônico,2023,,Assessoria de Planejamento,Contratação de empresa prestadora de serviços de cartão de visita com tecnologia near field communication – NFC,,"1056000,00",HAGE SISTEMAS E SOLUCOES DE MONITORAMENTO AVANCADO,,Finalizada,Licitação,27/09/22,001/2023,002/2023,"1756000,00","700000,00","0,40",Licitação 2
3,SD.0240-2021,Sede,Pregão Eletrônico,2023,,Gerência Administrativa,Contratação empresa especializada para prestação de serviços continuados com fornecimento de mão de obra e material para execução de manutenção preventiva e corretiva do sistema de climatização tipo VRF e Split Inverter,,,,,Revogada e Republicada,Licitação,22/07/21,002/2023,003/2023,,,,Licitação 3
4,SD.0240-2021,Sede,Pregão Eletrônico,2023,,Gerência Administrativa,Contratação empresa especializada para prestação de serviços continuados com fornecimento de mão de obra e material para execução de manutenção preventiva e corretiva do sistema de climatização tipo VRF e Split Inverter,,"105000,00",TAFA ENGENHARIA LTDA ME,,Finalizada,Licitação,22/07/21,003/2023,005/2023,"129777,36","24777,36","0,19",Licitação 4
5,SD.0423-2022,Sede,Pregão Presencial,2023,,Gerência Administrativa,"Contratação de empresa especializada na prestação de serviços de Administração de Imóveis para locação de imóvel de propriedade desta Mútua de Assistência, localizado na SCLN 409 BL E, Brasília-DF",,"399359,25",ALVARO DOS SANTOS RODRIGUES JUNIOR,,Finalizada,Licitação,27/12/22,001/2023,004/2023,"554666,65","155307,40","0,28",Licitação 5
6,SD.0060-2023,Sede,Pregão Eletrônico,2023,,Infraestrutura e Manutenção,Contratação de empresa para o fornecimento e administração de cartão alimentação eletrônico corporativo para a Mútua Sede,,"72000,00",TRIPAR BSB ADMINISTRADORA DE CARTOES LTDA,,Finalizada,Licitação,25/01/23,004/2023,006/2023,"72000,00","0,00","0,00",Licitação 6
7,SD.0425-2022,Sede,Pregão Eletrônico,2023,,Gestão de Pessoas,Contratação de empresa especializada para contratação de empresa especialização em saúde e segurança no trabalho.,,,,,Fracassado,Licitação,29/12/22,005/2023,007/2023,,,,Licitação 7
8,SD.0080-2023,Sede,Pregão Eletrônico,2023,,Patrimônio,Aquisição de materiais de higiene,,,,,Fracassado,Licitação,14/02/23,006/2023,008/2023,,,,Licitação 8
9,AL.0006-2023,AL,Pregão Presencial,2023,,AL,"Contratação de empresa especializada na terceirização de mão-de-obra qualificada para a prestação de serviços gerais, com fornecimento de mão-de-obra",,,,,Deserto,Licitação,13/01/23,002/2023,009/2023,,,,Licitação 9
10,TO.005-2023,TO,Pregão Eletrônico,2023,,TO,Contratação de empresa especializada no fornecimento e na personalização de material necessário para a divulgação da Mútua/TO,,,,,Republicado,Licitação,16/02/23,007/2023,010/2023,,,,Licitação 10
11,SD.0425-2022,Sede,Pregão Eletrônico,2023,,Gestão de Pessoas,Contratação de empresa especializada para prestação de serviços de Engenharia de Segurança e Medicina do trabalho,,"147999,96",EVOLUE SERVICOS LTDA EPP,,Finalizada,Licitação,29/12/22,008/2023,011/2023,"240974,09","92974,13","0,39",Licitação 11
12,TO.0005-2023,TO,Pregão Eletrônico,2023,,TO,Contratação de empresa especializada no fornecimento e na personalização de material necessário para a divulgação da Mútua/TO,,,,,Deserto,Licitação,16/02/23,007/2023,012/2023,,,,Licitação 12
13,SD.0080-2023,Sede,Pregão Eletrônico,2023,,Patrimônio,Aquisição de materiais de higiene,,"179000,00",LMA COMERCIO E SERVICOS LTDA,,Finalizada,Licitação,14/02/23,009/2023,013/2023,"179760,66","760,66","0,00",Licitação 13
14,MG.0009-2023,MG,Tomada de Preços,2023,,MG,"Contratação de empresa especializada para, sob regime de Empreitada Global, executar os serviços de Construção da nova Sede da Mútua-MG",,"785329,63",CONSTRUTORA MATTOS BARACHO LTDA,,Finalizada,Licitação,20/04/23,002/2023,014/2023,"786594,63","1265,00","0,00",Licitação 14
15,SD.0106-2023,Sede,Pregão Eletrônico,2023,,Inteligência de Negócios,Aquisição de 5 (cinco) conjuntos de equipamentos de informática,,,,,Suspensa,Licitação,29/03/23,010/2023,015/2023,,,,Licitação 15
16,SD.0424-2022,RS,Chamamento Público,2023,,RS,Locação de salas no edifício da Caixa/RS,,,,,Deserto,Licitação,29/12/22,001/2023,016/2023,,,,Licitação 16
17,BA.0014-2022,BA,Tomada de Preços,2023,,BA,"Contratação de empresa especializada para, sob regime de Empreitada Global, executar os serviços de Construção da nova Sede da Mútua-BA",,"1971807,72",ENGEBAHIA ENGENHARIA E CONSTRUÇÃO LTDA,,Finalizada,Licitação,27/11/22,003/2023,017/2023,"2527958,62","556150,90","0,22",Licitação 17
18,SD.0099-2023,Sede,Pregão Eletrônico,2023,,Gerência Administrativa,"Contratação de empresa especializada para prestação de serviços de transporte por meio de Táxi, para a Mútua ",,"93260,16",VIP SERVICE CLUB LOCADORA E SERVICOS LTDA,,Finalizada,Licitação,22/03/23,011/2023,018/2023,"93260,16","0,00","0,00",Licitação 18
19,AL.0006-2023,AL,Pregão Presencial,2023,,AL,"Contratação de empresa especializada na terceirização de mão-de-obra qualificada para a prestação de serviços gerais, com fornecimento de mão-de-obra",,,,,Deserto,Licitação,13/01/23,003/2023,019/2023,,,,Licitação 19
20,SD.0156-2023,Sede,Pregão Eletrônico,2023,,Gerência de Benefícios,Contratação de empresa para o fornecimento de Seguro de Responsabilidade Civil Profissional aos associados da Mútua,,,,,Republicado,Licitação,31/05/23,012/2023,020/2023,,,,Licitação 20
21,SD.0366-2022,Sede,Pregão Presencial,2023,,Gerência Geral,Contratação de empresas para prestação de serviços de Administração de Imóveis Mercury Líder e Kubistchek,,,,,Republicado,Licitação,09/11/22,004/2023,021/2023,,,,Licitação 21
22,SD.0114-2023,Sede,Pregão Eletrônico,2023,,Patrimônio,Aquisição de Materiais de limpeza,,"29999,99",ALFAMAX COMERCIO DE PRODUTOS PARA LIMPEZA E ESCRIT,,Finalizada,Licitação,11/04/23,013/2023,022/2023,"64770,30","34770,31","0,54",Licitação 22
23,SD.0134-2023,Sede,Pregão Eletrônico,2023,,Gerência de Benefícios,Contratação de empresa especializada no fornecimento de serviços de seguro de assistências emergenciais em viagem,,"131447,50",ONE OPERADORA DE VIAGENS E INTERCÂMBIO LTDA,,Finalizada,Licitação,03/05/23,014/2023,023/2023,"131447,50","0,00","0,00",Licitação 23
24,SD.0156-2023,Sede,Pregão Eletrônico,2023,,Gerência de Benefícios,Contratação de empresa para o fornecimento de Seguro de Responsabilidade Civil Profissional aos associados da Mútua,,"639000,00",AXA SEGUROS S.A.,,Finalizada,Licitação,31/05/23,012/2023,024/2023,"639000,00","0,00","0,00",Licitação 24
25,SD.0098-2023,Sede,Pregão Eletrônico,2023,,Infraestrutura e Manutenção,"Contratação empresa especializada para prestação de serviços de manutenção preventiva e corretiva das instalações prediais, dos equipamentos e do sistema de detecção e alarme de incêndio, para a sede da Mútua",,"185000,00",ASWN ENGENHARIA LTDA,,Finalizada,Licitação,17/03/23,015/2023,025/2023,"265884,97","80884,97","0,30",Licitação 25
26,SD.0202-2022,Sede,Pregão Eletrônico,2023,,Gerência de Tecnologia da Informação,"Atualização de assinaturas contra ameaças, renovação de garantia e suporte técnico para os firewalls Sophos XG230, XG115 e XG115w. Aquisição de novos firewalls para a Sede e Regionais",,,,,Suspensa,Licitação,20/06/22,016/2023,026/2023,,,,Licitação 26
27,SD.0366-2022,Sede,Pregão Presencial,2023,,Desenvolvimento e Produto,Contratação de empresas para prestação de serviços de Administração de Imóveis Mercury Líder e Kubistchek,,"141061,80",ALVARO SANTOS RODRIGUES JUNIOR,,Finalizada,Licitação,09/11/22,004/2023,027/2023,"166709,58","25647,78","0,15",Licitação 27
28,SD.0424-2022,RS,Chamamento Público,2023,,RS,Locação de salas no edifício da Caixa/RS,,,,,Deserto,Licitação,29/12/22,001/2023,028/2023,,,,Licitação 28
29,SD.0117-2023,Sede,Pregão Eletrônico,2023,,Patrimônio,Aquisição de materiais de copa e cozinha,,,,,Fracassado,Licitação,13/04/23,017/2023,029/2023,,,,Licitação 29
30,SD.0198-2023,Sede,Chamamento Público,2023,,Gerência de Tecnologia da Informação,Concurso – 1° Hackathon da Mútua – Otimizando os processos de concessão e de renegociação de benefícios,,,,,Finalizada,Licitação,26/07/23,002/2023,030/2023,,,,Licitação 30
31,SD.0162-2023,Sede,Chamamento Público,2023,,Gerência Administrativa,"Credenciamento de empresas especializadas para a prestação de serviços continuados de implementação, gerenciamento, administração e fornecimento de Vale-alimentação e Refeição,",,,,,Republicado,Licitação,15/06/23,003/2023,031/2023,,,,Licitação 31
32,RO.0021-2023,RO,Pregão Presencial,2023,,RO,"Serviços de limpeza, higienização e conservação com dedicação exclusiva de mão de obra habilitada e qualificada",,"35157,88",RONDONIA SERVIÇOS TERCEIRIZADOS,,Finalizada,Licitação,17/07/23,005/2023,032/2023,"35157,88","0,00","0,00",Licitação 32
33,SD.0117-2023,Sede,Pregão Eletrônico,2023,,Patrimônio,Aquisição de materiais de copa e cozinha,,"24399,99",PRIME IMPORTACAO E EXPORTACAO LTDA,,Finalizada,Licitação,13/04/23,018/2023,033/2023,"33973,86","9573,87","0,28",Licitação 33
34,SD.0182-2023,Sede,Pregão Eletrônico,2023,,Patrimônio,Contratação de empresa especializada para a reavaliação de ativo imobilizado e Teste de Impairment 2023 da Mútua Sede e Regionais,,"85000,00",GRANT THORNTON CORPORATE CONSULTORES DE NEGOCIOS,,Finalizada,Licitação,07/07/23,019/2023,034/2023,"162523,33","77523,33","0,48",Licitação 34
35,AL.0027-2023,AL,Tomada de Preços,2023,,AL,"Contratação de empresa especializada para, sob regime de empreitada global, executar os serviços de construção/reforma da nova sede da Mútua-AL",,"857308,87",LDVL CONSTRUÇÕES SUSTENTÁVEIS LTDA,,Finalizada,Licitação,28/07/23,004/2023,035/2023,"1060464,75","203155,88","0,19",Licitação 35
36,SD.0162-2023,Sede,Chamamento Público,2023,,Gerência Administrativa,"Credenciamento de empresas especializadas para a prestação de serviços continuados de implementação, gerenciamento, administração e fornecimento de Vale-alimentação e Refeição,",,"4980360,00",SODEXO PASS BRASIL SERVIÇOS E COMÉRCIO S.A.,,Finalizada,Licitação,15/06/23,003/2023,036/2023,"4980360,00","0,00","0,00",Licitação 36
37,SC.0014-2023,SC,Pregão Presencial,2023,,SC,"Serviços de limpeza, higienização e conservação com dedicação exclusiva de mão de obra habilitada e qualificada",,"40319,76",LIMTEC SERVIÇOS ESPECIAIS LTDA,,Finalizada,Licitação,23/06/23,006/2023,037/2023,"41640,29","1320,53","0,03",Licitação 37
38,MS.0015-2023,MS,Tomada de Preços,2023,,MS,"Contratação de empresa especializada para, sob regime de Empreitada Global, executar os serviços de reforma e adequação do prédio Sede da Caixa/MS",,"350639,85",PONTALTI INCORPORADORA & ADMINISTRADORA DE OBRAS LTDA,,Finalizada,Licitação,28/06/23,005/2023,038/2023,"412238,60","61598,75","0,15",Licitação 38
39,SD.0370-2022,Sede,Pregão Eletrônico,2023,,Desenvolvimento e Produto,Aquisição de Enxoval Completo para o Hotel Mercury Líder,,,,,Fracassado,Licitação,09/11/22,020/2023,039/2023,,,,Licitação 39
40,SD.0181-2023,Sede,Pregão Eletrônico,2023,,Patrimônio,Aquisição de mobiliários complementares,,"351697,80","SERRA MOBILE INDUSTRIA E COMERCIO LTDA ME (grupo 1 – 234.797,80 ) e FISON COMERCIO E REPRESENTACOES DE MOVEIS LTDA (grupo 2 – 116.900,00)",,Finalizada,Licitação,05/07/23,021/2023,040/2023,"574301,31","222603,51","0,39",Licitação 40
41,SD.0190-2023,Sede,Pregão Eletrônico,2023,,Gestão de Pessoas,Contratação de prestação de serviços de Seguro de Vida e Acidentes Pessoais em grupo para os funcionários da Mútua,,"23180,40",MONGERAL AEGON SEGUROS E PREVIDÊNCIA S/A,,Finalizada,Licitação,20/07/23,022/2023,041/2023,"66975,00","43794,60","0,65",Licitação 41
42,SD.0101-2023,Sede,Pregão Eletrônico,2023,,Contabilidade,Contratação de empresa especializada em serviços contábeis com ênfase em mapeamento e modelagem de processos e implantação de sistema de custos,,,,,Deserto,Licitação,23/03/23,023/2023,042/2023,,,,Licitação 42
43,SD.0197-2023,Sede,Pregão Eletrônico,2023,,Eventos,"Contratação de empresa especializada para o fornecimento de Gêneros Alimentícios do tipo coffee break, almoço/jantar, coquetel e serviços de apoio",,"567649,61","LISIANE CODALE BUFFET LTDA (grupo 1 – 399.994,00) e ALMIR PORTUGAL SILVA (grupo 2 – 167.655,61)",,Finalizada,Licitação,25/07/23,024/2023,043/2023,"693408,28","125758,67","0,18",Licitação 43
44,RJ.0019-2023,RJ,Pregão Presencial,2023,,RJ,"Serviços de limpeza, higienização e conservação com dedicação exclusiva de mão de obra habilitada e qualificada",,"54000,00","REDENTOR LIMPEZA, CONSERVAÇÃO E SERVIÇOS LTDA",,Finalizada,Licitação,04/09/23,007/2023,044/2023,"54126,34","126,34","0,00",Licitação 44
45,SD.0101-2023,Sede,Pregão Eletrônico,2023,,Contabilidade,Contratação de empresa especializada em serviços contábeis com ênfase em mapeamento e modelagem de processos e implantação de sistema de custos,,"2536000,00",KPMG CONSULTORIA LTDA,,Finalizada,Licitação,23/03/23,025/2023,045/2023,"2670826,67","134826,67","0,05",Licitação 45
46,SD.0251-2023,Sede,Pregão Eletrônico,2023,,Gerência de Tecnologia da Informação,Registro de Preços para futura aquisição de notebooks,,,,,Republicado,Licitação,02/10/23,026/2023,046/2023,,,,Licitação 46
47,SD.0225-2023,Sede,Pregão Eletrônico,2023,,Gerência de Tecnologia da Informação,"Registro de Preços para futura aquisição de plataforma de Negócio, Gestão de Relacionamento e Engajamento para a Mútua",,,,,Em andamento,Licitação,17/08/23,027/2023,047/2023,"15593794,76",,,Licitação 47
48,SD.0251-2023,Sede,Pregão Eletrônico,2023,,Gerência de Tecnologia da Informação,Registro de Preços para futura aquisição de notebooks,,,,,Em andamento,Licitação,02/10/23,026/2023,048/2023,"1026590,45",,,Licitação 48
49,SD.0092-2023,Sede,Pregão Eletrônico,2023,,Controladoria,Contratação de empresa especializada na prestação de serviço de consultoria para a modernização da Mútua,,,,,Em andamento,Licitação,06/03/23,028/2023,049/2023,"811450,00",,,Licitação 49
50,SD.0208-2023,Sede,Tomada de Preços,2023,,Gerência Administrativa,"Contratação de empresa/instituição para a prestação de serviços técnicos especializados, sob demanda, de planejamento, organização e realização de processo seletivo",,,,,Em andamento,Licitação,14/08/23,006/2023,050/2023,"400000,00",,,Licitação 50
